payment_number,principal,interest,balance
1,1009.7685995005172,1562.5,298990.23140049947
2,1015.0278109562491,1557.240788544268,297975.20358954323
3,1020.3144141383129,1551.9541853622043,296954.8891754049
4,1025.62855171195,1546.6400477885672,295929.26062369294
5,1030.9703670854499,1541.2982324150673,294898.2902566075
6,1036.3400044140199,1535.9285950864974,293861.9502521935
7,1041.737608603676,1530.530990896841,292820.2126435898
8,1047.1633253151535,1525.1052741853637,291773.04931827466
9,1052.6173009678369,1519.6512985326804,290720.4320173068
10,1058.0996827437111,1514.168916756806,289662.3323345631
11,1063.6106185913345,1508.6579809091827,288598.72171597177
12,1069.150257229831,1503.1183422706863,287529.57145874196
13,1074.718748152903,1497.5498513476143,286454.85271058907
14,1080.316241632866,1491.9523578676512,285374.5364689562
15,1085.9428887247036,1486.3257107758136,284288.59358023154
16,1091.5988412701447,1480.6697582303725,283196.9947389614
17,1097.28425190176,1474.9843475987573,282099.7104870596
18,1102.9992740470818,1469.2693254534354,280996.7112130125
19,1108.7440619327438,1463.5245375677735,279887.9671510798
20,1114.5187705886433,1457.749828911874,278773.4483804912
21,1120.3235558521258,1451.9450436483914,277653.12482463906
22,1126.158574372189,1446.1100251283283,276526.9662502669
23,1132.0239836137107,1440.2446158868065,275394.9422666532
24,1137.9199418616986,1434.3486576388186,274257.02232479147
25,1143.8466082255618,1428.4219912749554,273113.1757165659
26,1149.804142643403,1422.464456857114,271963.3715739225
27,1155.7927058863374,1416.4758936141798,270807.57886803616
28,1161.812459562829,1410.4561399376882,269645.7664084733
29,1167.8635661230521,1404.405033377465,268477.90284235025
30,1173.9461888632763,1398.3224106372409,267303.956653487
31,1180.0604919302725,1392.2081075702447,266123.8961615567
32,1186.2066403257427,1386.0619591747745,264937.689521231
33,1192.3847999107725,1379.8837995897447,263745.3047213202
34,1198.5951374103079,1373.6734620902093,262546.7095839099
35,1204.8378204176533,1367.4307790828639,261341.87176349224
36,1211.1130173989952,1361.155582101522,260130.75874609323
37,1217.4208976979485,1354.8477018025687,258913.33784839528
38,1223.761631540125,1348.506967960392,257689.57621685514
39,1230.13539003773,1342.1332094627871,256459.44082681742
40,1236.5423451941765,1335.7262543063407,255222.89848162324
41,1242.9826699087296,1329.2859295917876,253979.9158117145
42,1249.4565379811709,1322.8120615193463,252730.45927373334
43,1255.9641241164895,1316.3044753840277,251474.49514961685
44,1262.5056039295962,1309.762995570921,250211.98954568725
45,1269.0811539500628,1303.1874455504544,248942.90839173718
46,1275.690951626886,1296.5776478736311,247667.21744011028
47,1282.3351753332763,1289.933424167241,246384.882264777
48,1289.0140043714705,1283.2545951290467,245095.86826040552
49,1295.7276189775719,1276.5409805229453,243800.14064142795
50,1302.4762003264134,1269.7923991741038,242497.66444110154
51,1309.2599305364467,1263.0086689640705,241188.4045105651
52,1316.0789926746575,1256.1896068258598,239872.32551789045
53,1322.9335707615046,1249.3350287390126,238549.39194712896
54,1329.8238497758873,1242.44474972463,237219.56809735307
55,1336.7500156601368,1235.5185838403804,235882.81808169294
56,1343.7122553250333,1228.556344175484,234539.10582636792
57,1350.7107566548511,1221.557842845666,233188.39506971306
58,1357.7457085124283,1214.5228909880889,231830.64936120063
59,1364.817300744264,1207.4512987562532,230465.83206045636
60,1371.9257241856403,1200.342875314877,229093.9063362707
61,1379.071170665774,1193.1974288347433,227714.83516560495
62,1386.2538330129914,1186.0147664875258,226328.58133259194
63,1393.4739050599342,1178.794694440583,224935.107427532
64,1400.731581648788,1171.5370178517292,223534.37584588322
65,1408.0270586365423,1164.241540863975,222126.34878724668
66,1415.3605329002742,1156.908066600243,220710.98825434642
67,1422.732202342463,1149.5363971580541,219288.25605200397
68,1430.14226589633,1142.1263336041873,217858.11378610763
69,1437.5909235312067,1134.6776759693105,216420.5228625764
70,1445.0783762579317,1127.1902232425855,214975.44448631848
71,1452.6048261342753,1119.663773366242,213522.8396601842
72,1460.1704762703912,1112.098123230126,212062.6691839138
73,1467.7755308342996,1104.4930686662176,210594.8936530795
74,1475.420195057395,1096.8484044431223,209119.47345802208
75,1483.1046752399857,1089.1639242605315,207636.36878278208
76,1490.8291787568605,1081.4394207436567,206145.53960402522
77,1498.593914062886,1073.6746854376313,204646.94568996233
78,1506.39909069863,1065.8695088018872,203140.5465992637
79,1514.244919296019,1058.0236802044983,201626.3016799677
80,1522.1316115840189,1050.1369879164984,200104.17006838368
81,1530.0593803943523,1042.209219106165,198574.11068798933
82,1538.0284396672396,1034.2401598332776,197036.08224832208
83,1546.0390044571732,1026.229595043344,195490.0432438649
84,1554.091290938721,1018.1773085617963,193935.95195292617
85,1562.1855164123601,1010.0830830881571,192373.7664365138
86,1570.3218993103412,1001.946700190176,190803.44453720347
87,1578.5006592025825,993.7679402979347,189224.9438780009
88,1586.722016802596,985.5465826979213,187638.2218611983
89,1594.9861939734428,977.2824055270745,186043.23566722486
90,1603.293413733721,968.9751857667961,184439.94225349114
91,1611.6439002635843,960.624699236933,182828.29835322755
92,1620.0378789107904,952.2307205897268,181208.26047431678
93,1628.475576196784,943.7930233037332,179579.78489811998
94,1636.957219822809,935.3113796777081,177942.82767829718
95,1645.4830386760527,926.7855608244645,176297.34463962112
96,1654.053262835824,918.2153366646933,174643.2913767853
97,1662.6681235797605,909.6004759207567,172980.62325320553
98,1671.3278533900718,900.9407461104454,171309.29539981546
99,1680.0326859598117,892.2359135407055,169629.26271385566
100,1688.7828561991857,883.4857433013315,167940.47985765646
101,1697.57860024189,874.6899992586274,166242.90125741457
102,1706.420155451483,865.8484440490342,164536.4811019631
103,1715.3077604277928,856.9608390727244,162821.1733415353
104,1724.2416550133544,848.026944487163,161096.93168652194
105,1733.2220802998822,839.0465192006351,159363.70960622205
106,1742.2492786347775,830.0193208657398,157621.46032758727
107,1751.323493627667,820.9451058728503,155870.1368339596
108,1760.4449701569777,811.8236293435396,154109.69186380264
109,1769.6139543765453,802.654645123972,152340.0779094261
110,1778.8306937222565,793.4379057782609,150561.24721570383
111,1788.0954369187266,784.1731625817907,148773.1517787851
112,1797.4084339860115,774.8601655145058,146975.7433447991
113,1806.7699362463554,765.4986632541619,145168.97340855273
114,1816.1801963309717,756.0884031695455,143352.79321222176
115,1825.6394681868624,746.629131313655,141527.1537440349
116,1835.1480070836687,737.1205924168485,139692.00573695125
117,1844.7060696205629,727.5625298799544,137847.2996673307
118,1854.31391373317,717.9546857673473,135992.98575359752
119,1863.9717987005301,708.2968007999871,134129.01395489697
120,1873.6799851520955,698.5886143484217,132255.33396974488
121,1883.4387350747627,688.8298644257545,130371.89523467013
122,1893.2483118199436,679.0202876805736,128478.64692285018
123,1903.1089801106725,669.1596193898447,126575.53794273951
124,1913.0210060487489,659.2475934517682,124662.51693669076
125,1922.9846571219196,649.2839423785977,122739.53227956884
126,1933.0002022110962,639.268397289421,120806.53207735774
127,1943.0679115976122,629.2006879029049,118863.46416576013
128,1953.1880569705165,619.0805425300007,116910.27610878962
129,1963.3609114339047,608.9076880666125,114946.91519735572
130,1973.5867495142895,598.6818499862277,112973.32844784143
131,1983.8658471680099,588.4027523325074,110989.46260067342
132,1994.1984817886764,578.0701177118407,108995.26411888475
133,2004.5849322146591,567.6836672858581,106990.6791866701
134,2015.0254787366105,557.2431207639067,104975.65370793348
135,2025.5204031050303,546.7481963954868,102950.13330482846
136,2036.069988537869,536.1986109626482,100914.06331629059
137,2046.6745197281705,525.5940797723467,98867.38879656242
138,2057.334282851755,514.9343166487625,96810.05451371067
139,2068.049565574941,504.21903392557635,94742.00494813573
140,2078.82065706231,493.4479424382069,92663.18429107341
141,2089.64784798451,482.6207515160073,90573.5364430889
142,2100.531430526096,471.73716897442137,88473.0050125628
143,2111.4716983934195,460.79690110709794,86361.53331416938
144,2122.4689468225515,449.7996526779655,84239.06436734683
145,2133.5234725872524,438.7451269132647,82105.54089475957
146,2144.6355740069775,427.63302549353944,79960.90532075259
147,2155.805550954931,416.4630485455864,77805.09976979766
148,2167.0337048661545,405.2348946343628,75638.0660649315
149,2178.3203387456656,393.9482607548515,73459.74572618584
150,2189.6657571766327,382.60284232388454,71270.07996900921
151,2201.0702663285942,371.19833317192297,69069.00970268062
152,2212.5341739657224,359.73442553479487,66856.4755287149
153,2224.057789455127,348.2108100453901,64632.41773925978
154,2235.641423775206,336.6271757253113,62396.776315484574
155,2247.285389524035,324.98320997648216,60149.49092596054
156,2258.9900009278062,313.27859857271113,57890.500925032735
157,2270.755573849305,301.51302565121216,55619.74535118343
158,2282.582425796437,289.6861737040804,53337.162925387
159,2294.470875930793,277.7977235697239,51042.69204945621
160,2306.421245076266,265.8473544242511,48736.27080437994
161,2318.433855727705,253.8347437728122,46417.836948652235
162,2330.50903205962,241.75956744089706,44087.327916592614
163,2342.647099934931,229.62149956558653,41744.68081665768
164,2354.8483869137585,217.42021258675874,39389.832429743925
165,2367.1132222622678,205.1553772382496,37022.719207481656
166,2379.4419369615503,192.82666253896696,34643.277270520106
167,2391.834863716558,180.43373578395887,32251.442406803548
168,2404.292336965082,167.97626253543513,29847.150069838466
169,2416.8146928867754,155.453906613742,27430.33537695169
170,2429.4022694122273,142.86633008829006,25000.933107539462
171,2442.0554062320825,130.21319326843468,22558.877701307378
172,2454.774444806208,117.49415469430926,20104.10325650117
173,2467.559728372907,104.70887112761025,17636.543528128263
174,2480.4116019581825,91.8569975423347,15156.131926170081
175,2493.330412385048,78.93818711546916,12662.801513785033
176,2506.316508282887,65.95209121763037,10156.485005502145
177,2519.37024009686,52.898359403657004,7637.114765405286
178,2532.491960097365,39.77663940315253,5104.622805307921
179,2545.6820223895384,26.586577110978755,2558.940782918383
180,2558.940782922817,13.32781657769991,-0.000000004434241418493912